Gene,p_value,fold_change
213614_x_at,2.2323661405996335e-12,4711.959999999999
212869_x_at,1.6041137407707035e-09,4057.3881395348817
206559_x_at,3.8604323408474856e-11,4003.524186046514
212284_x_at,8.163461374465618e-09,3872.975581395347
200062_s_at,8.491034705693055e-13,3777.0888372092995
200633_at,3.099964344517364e-10,3746.917674418605
212391_x_at,3.630523631705953e-08,3550.8127906976715
204892_x_at,6.636402791884556e-10,3442.4772093023257
200717_x_at,2.6814570183117953e-10,3423.5046511627907
213583_x_at,5.232084362279097e-10,3386.867441860466
201257_x_at,7.668513780230517e-08,3366.8969767441886
213084_x_at,1.1598726121997644e-12,3359.710930232557
214003_x_at,2.748466102023293e-07,3347.6016279069763
201891_s_at,5.012805680374829e-09,3344.6204651162807
AFFX-hum_alu_at,9.280333316107673e-10,3292.353488372095
213477_x_at,4.287197344736222e-10,3280.0065116279075
211696_x_at,0.0002305738631981118,3143.8440000000014
211542_x_at,5.8425837630791214e-08,3128.2297674418596
201154_x_at,8.990371643781596e-11,3106.843720930234
207783_x_at,7.676655525593571e-09,3092.8848837209307
213828_x_at,1.2950778966143078e-08,3088.253488372092
200933_x_at,8.597767015026877e-10,3077.600000000002
212581_x_at,4.629189457968372e-12,3069.629534883721
200958_s_at,1.518680539866337e-11,3013.607906976743
211978_x_at,6.519341112948147e-08,2983.3469767441857
201293_x_at,1.0037362029942097e-08,2971.0876744186044
200817_x_at,4.3199492635488576e-07,2921.434186046513
201217_x_at,9.107175821937943e-08,2899.2174418604645
200088_x_at,3.3455553248595285e-09,2877.5351162790685
210646_x_at,1.1030119081961498e-09,2871.1342093023236
211378_x_at,1.174592688967591e-07,2848.0058139534895
200650_s_at,1.1749821787603942e-09,2813.5865116279065
200926_at,1.238899311011241e-06,2806.1651162790704
212661_x_at,6.8166122570454095e-09,2794.773953488373
211943_x_at,5.372843997827215e-09,2767.0430232558156
201429_s_at,4.195472993913245e-06,2766.2030232558145
201492_s_at,2.1464900864642143e-09,2761.7695348837215
215726_s_at,1.8479087863901236e-12,2730.08534883721
211710_x_at,2.8217812990982973e-11,2693.529302325582
212790_x_at,3.8964209043845436e-09,2681.3097674418586
AFFX-HUMGAPDH/M33197_M_at,8.845509685110702e-10,2671.054069767442
201550_x_at,5.61732283952263e-09,2655.2183720930225
213080_x_at,4.691321123694803e-08,2654.28930232558
211765_x_at,2.335791772379927e-09,2645.747441860465
217740_x_at,2.3547292206098077e-10,2636.903023255816
201033_x_at,8.614930135777768e-11,2614.5972093023247
213738_s_at,3.31492302019702e-10,2596.6234883720913
212788_x_at,2.95016280837638e-08,2596.382558139534
215076_s_at,0.0001551146122091527,2587.801837209302
219883_at,2.9251158030152833e-09,2585.489255813954
213867_x_at,1.2042211308879788e-08,2579.481302325583
211073_x_at,5.276470311056798e-07,2576.4139534883725
200095_x_at,1.750581140129221e-08,2570.206744186049
211970_x_at,4.5979867822419724e-09,2561.0176744186047
212639_x_at,1.6485981174561794e-14,2557.946511627908
200614_at,8.022218737300928e-12,2543.5197674418605
208755_x_at,6.622269201679228e-06,2542.052325581395
214629_x_at,5.780042916799637e-08,2512.093255813954
200673_at,2.2057445964997738e-11,2510.4181395348837
396_f_at,2.319784256275913e-06,2506.1483720930255
208695_s_at,5.741017165596967e-08,2499.1630232558136
215313_x_at,7.828639382994256e-10,2497.5632558139537
211296_x_at,6.912237513161575e-10,2496.9181395348846
214548_x_at,1.6796870970525966e-09,2481.266534883722
221607_x_at,1.6974882128845477e-09,2469.186279069767
201254_x_at,3.7777826909499523e-06,2464.477441860464
200807_s_at,2.105881064843766e-09,2463.260000000001
209116_x_at,0.003626197317489725,2443.1838046511634
205480_s_at,2.14363907440544e-09,2441.936279069768
200716_x_at,2.48938076479008e-08,2416.8288604651166
200963_x_at,6.528475789597911e-07,2414.7060465116274
200763_s_at,1.2342174790202877e-09,2402.5444186046507
211720_x_at,1.175230642316848e-08,2398.241627906976
200809_x_at,1.2382435901813227e-07,2381.8509302325583
213214_x_at,2.0775725969723447e-07,2369.020325581396
217232_x_at,0.0009151894893146791,2365.452488372093
208782_at,8.967040634338763e-08,2361.5276744186044
212988_x_at,1.972725059308847e-09,2358.7509302325598
211927_x_at,1.1611157936560283e-07,2351.596837209304
200689_x_at,1.087568625525464e-07,2337.1291162790694
219071_x_at,1.6892691531651278e-07,2324.317209302322
211995_x_at,3.402360889666936e-08,2323.273953488372
201348_at,0.00011244228042469824,2318.4702093023257
203980_at,0.004116930995240191,2311.1672325581403
208856_x_at,1.3398779147531454e-08,2310.81488372093
200019_s_at,4.424479950994939e-11,2301.4534883720935
200099_s_at,2.9428136766733637e-06,2295.4660465116285
208635_x_at,5.059914682743059e-07,2290.855813953488
71933_at,1.9028970325107328e-06,2283.97465116279
208834_x_at,3.9952920868216555e-09,2283.774418604651
200016_x_at,8.574210902842898e-07,2278.944418604651
211945_s_at,1.1174821220691783e-06,2270.7281395348837
211345_x_at,4.7561061807558374e-07,2261.239255813954
208788_at,4.301643659827425e-07,2261.2204651162797
200936_at,8.897101580547329e-08,2245.499162790697
213503_x_at,4.052561528431746e-08,2244.13534883721
207175_at,0.000439078379623906,2243.468418604651
207243_s_at,6.139311054368675e-07,2240.7458139534883
208825_x_at,7.638736880144572e-07,2215.460930232559
211509_s_at,3.698484816272704e-08,2207.9444186046503
216526_x_at,1.9178007776662184e-06,2199.792093023255
200668_s_at,1.352103477068682e-13,2196.2337209302327
208306_x_at,1.150263948230496e-07,2189.4816279069764
201540_at,0.0007113287570944237,2187.4303953488366
211745_x_at,0.006811225127338251,2185.1708372093035
210427_x_at,3.463273094251836e-07,2181.0023255813953
201590_x_at,5.4256992866237796e-08,2177.7083720930227
209312_x_at,2.4793512367003296e-08,2174.2309302325584
211983_x_at,8.513596931736482e-07,2162.4825581395344
209134_s_at,4.840214395316489e-07,2153.8241860465114
201994_at,2.268364909905775e-10,2149.4134883720917
204151_x_at,0.0034440126633229367,2139.6101627906974
202698_x_at,5.424769273829913e-10,2139.510697674421
211956_s_at,1.821796540901238e-07,2127.6272093023263
206227_at,1.6366840520890676e-09,2124.407651162792
212363_x_at,4.937185682004333e-06,2122.2769767441855
200735_x_at,1.6012185712493914e-06,2120.116279069767
213646_x_at,1.0787441747539275e-10,2117.0643953488366
58367_s_at,3.5072349011007685e-14,2106.9069767441856
211058_x_at,6.761676905080159e-09,2102.3636046511633
211750_x_at,2.735765705533172e-07,2100.440674418605
215157_x_at,6.781060654237624e-07,2100.381162790697
200006_at,3.0907150929013528e-06,2097.3111627906974
201030_x_at,1.0963753800705991e-05,2070.963883720931
200819_s_at,9.487393756193587e-10,2064.642325581396
213101_s_at,1.0079405632190496e-09,2061.4122790697675
200031_s_at,6.239226766613091e-08,2060.4738372093016
213377_x_at,1.7339433266736303e-08,2051.6118604651156
200015_s_at,2.5619080851961534e-10,2049.731534883719
200645_at,1.127006480351002e-13,2045.3076744186055
AFFX-HSAC07/X00351_3_at,6.591043582731311e-07,2040.5512558139535
201315_x_at,1.1912744506535618e-07,2034.7493488372093
218665_at,8.514475916048053e-06,2031.3613953488375
215001_s_at,4.116772444131444e-07,2027.1958139534877
200032_s_at,3.60446990154127e-05,2018.2593023255822
213347_x_at,6.705365044033109e-06,2017.5006976744198
212039_x_at,5.611089350682179e-07,1999.6762790697667
213414_s_at,1.8410865046217042e-07,1998.2337209302323
200092_s_at,1.1648148372923455e-07,1990.5074418604663
213941_x_at,3.2559529433006585e-08,1989.415348837209
201432_at,1.5371553774868175e-05,1980.0129534883722
215479_at,4.689953642357397e-07,1979.7913953488378
212971_at,1.5184957189806822e-15,1978.4960465116283
216520_s_at,2.3772390696174667e-06,1976.3076046511637
36888_at,1.6986418428869069e-12,1975.1481395348837
200718_s_at,7.280515028548771e-10,1974.2881395348832
208870_x_at,7.840523458883419e-10,1973.7486046511626
200981_x_at,6.162477910601488e-09,1964.7390697674414
211430_s_at,0.00010108922156370936,1962.1306976744195
213801_x_at,2.744674312716382e-09,1958.012093023256
213187_x_at,7.699273528824641e-06,1956.2769395348841
201425_at,0.0001254711865106907,1952.0730000000003
200738_s_at,3.673135471449238e-10,1948.0683720930224
215121_x_at,0.0030281204503649177,1941.2654651162793
212042_x_at,5.729619167215505e-06,1939.6344186046508
208718_at,1.8733867491625435e-06,1935.7965116279065
211940_x_at,5.427384774949252e-11,1935.4944186046514
200059_s_at,1.8818164879984863e-09,1932.6195348837205
200665_s_at,6.016946135459677e-07,1928.3220441860467
201163_s_at,1.6301629471349003e-08,1925.6188372093025
212082_s_at,4.1598050383105225e-06,1917.407441860465
200781_s_at,2.5247849831920225e-08,1916.281860465116
217731_s_at,1.3882425467694534e-08,1910.962325581395
211972_x_at,1.2531762060920053e-08,1910.2385581395356
201893_x_at,4.1866672747663445e-07,1907.6018604651154
202649_x_at,7.589977310566674e-07,1906.3490697674424
216438_s_at,1.4439437578241242e-06,1902.0503488372092
200795_at,3.036585053540816e-06,1901.5041860465117
200780_x_at,2.8316375242818942e-08,1895.3062093023264
201852_x_at,2.2757910565954485e-05,1895.297
214327_x_at,8.017813793730232e-09,1894.2267441860477
214749_s_at,8.563671337238167e-10,1891.541162790697
201754_at,0.00017072555716664528,1890.5764186046504
213564_x_at,2.1247987526186433e-06,1887.7576279069754
213524_s_at,5.603607005630802e-05,1885.2644883720932
202088_at,0.003605137482390425,1882.8186976744191
203107_x_at,1.03122908262937e-06,1882.7999999999997
201438_at,8.147712213304117e-06,1874.503302325582
201612_at,4.104439675692861e-09,1864.5562790697672
201090_x_at,2.154817166420864e-07,1859.8261860465107
33323_r_at,2.801547416053091e-06,1854.6286046511623
209678_s_at,1.0163348519865195e-10,1852.5460465116275
201049_s_at,3.263104781751861e-08,1851.4465116279052
200022_at,5.577273375800621e-07,1849.2156279069773
203549_s_at,0.0019455416393506046,1842.8593023255808
200832_s_at,1.6413586676989585e-05,1839.8786232558134
219939_s_at,5.671835889648264e-10,1829.2904651162785
200725_x_at,8.659818360180494e-07,1822.2248139534881
209251_x_at,1.7791131607004207e-07,1817.424604651162
201721_s_at,8.971493610626917e-12,1816.7291627906975
214414_x_at,0.00890600698991574,1813.8329534883728
214459_x_at,1.6634266986744336e-07,1813.578604651164
AFFX-HUMGAPDH/M33197_3_at,2.2746189172774983e-09,1812.8569767441859
209001_s_at,4.809316933942482e-10,1810.9251162790679
203083_at,5.329289688551176e-07,1808.0604651162798
201553_s_at,3.1610417473203502e-06,1807.6372093023265
210495_x_at,0.00043610133436623624,1806.676046511628
216442_x_at,0.0002962593464242329,1803.88811627907
205711_x_at,7.909897144274507e-08,1803.6251162790686
200748_s_at,6.743880405218035e-05,1802.8863255813962
217982_s_at,1.7840451974808837e-07,1802.8779069767443
201009_s_at,2.556172829534465e-08,1802.0723720930228
202403_s_at,3.167723091600914e-06,1798.6306976744186
216231_s_at,9.146515053721591e-07,1798.6056744186044
201322_at,8.539906734727373e-13,1797.7801395348833
201121_s_at,2.5411586839763536e-11,1792.5444418604661
201842_s_at,0.0001203628597689214,1788.8901162790694
213297_at,2.1068806962401554e-14,1788.7660465116282
200675_at,2.2316498711530558e-08,1782.7460465116283
200845_s_at,1.142401010364782e-09,1782.5288372093028
200794_x_at,7.874099083158855e-11,1781.8104651162785
58900_at,7.619121971147358e-12,1774.2690697674407
209612_s_at,0.002393576227592665,1771.9431395348834
201010_s_at,0.00013465779934909556,1771.9199999999987
204670_x_at,3.615962002643317e-08,1771.4742558139537
218631_at,1.171258286772822e-10,1770.823953488372
200640_at,3.566491080870896e-07,1770.3763255813947
208949_s_at,4.3728338540434605e-06,1769.7509302325589
214328_s_at,7.763594228422778e-06,1764.2851162790694
207168_s_at,1.2317934558973389e-08,1754.6900000000005
214288_s_at,1.4779556097308353e-10,1753.5411627906979
201592_at,5.8164177868881514e-09,1749.9223255813954
209555_s_at,0.0025006654466402604,1747.0693651162787
217732_s_at,2.7668496707122304e-08,1746.7169767441846
217733_s_at,6.777442905369082e-05,1746.4142093023252
200834_s_at,1.7634027938763485e-06,1746.2469767441853
211755_s_at,6.237876612562192e-08,1744.6062325581393
211072_x_at,6.962909190744993e-09,1744.421069767442
205967_at,4.241327666008367e-11,1743.2581395348825
208768_x_at,3.1114111204480496e-06,1742.222558139535
212607_at,2.5248026612022617e-12,1738.5825581395352
200064_at,1.1563910761730109e-09,1737.3648837209307
212273_x_at,2.1147679477303875e-07,1735.5501162790692
206158_s_at,9.170469015487533e-10,1733.7932558139532
211666_x_at,2.629033214159991e-10,1728.725
200674_s_at,6.407114612152886e-08,1728.1497674418597
213366_x_at,8.713033115714715e-08,1721.2041162790701
200033_at,1.3753435920632875e-06,1718.6156279069755
201185_at,1.0710130863628453e-08,1713.190790697674
208680_at,2.8898995937423394e-09,1713.1106511627916
202450_s_at,5.595618129458757e-09,1712.9551162790704
202443_x_at,1.1930250412628141e-10,1712.5599999999995
201141_at,2.9291641965721573e-08,1712.4281162790703
202292_x_at,2.1860008439435423e-11,1711.0218604651159
208812_x_at,2.499183472055777e-06,1709.3276511627896
200741_s_at,0.00031525079191068,1708.3102325581394
200801_x_at,0.0001336203540273635,1706.752139534884
211787_s_at,5.47317169908877e-10,1705.8246744186047
211896_s_at,4.5740464459749235e-06,1703.4401116279075
221475_s_at,3.556385235277655e-06,1703.013488372094
207847_s_at,3.0011413407216688e-09,1700.876720930233
214167_s_at,8.862271396255789e-09,1698.1313279069766
208120_x_at,5.775342335420036e-10,1691.783255813954
51774_s_at,2.251478768284426e-12,1689.897209302324
200009_at,7.2978220625365655e-09,1687.5667441860455
200034_s_at,3.420166743293237e-07,1686.3783720930228
212464_s_at,0.0014211707867349908,1678.8070697674414
213453_x_at,4.0371132854176274e-08,1672.3795116279073
204620_s_at,1.3302162548290094e-05,1670.8294651162792
212412_at,1.231426490708979e-10,1665.657674418605
AFFX-HUMGAPDH/M33197_5_at,4.2265112483755546e-10,1665.6137441860467
202488_s_at,8.802141626524739e-10,1665.2655813953475
221748_s_at,0.0014502477141680062,1660.8828604651158
208726_s_at,3.329037839524316e-14,1660.8448837209307
212077_at,5.5789972320038154e-08,1656.6218604651158
201343_at,1.4480844531193706e-15,1655.4084186046507
201358_s_at,4.579039363143069e-10,1654.474883720929
211714_x_at,4.865734519056725e-12,1653.4609302325575
210434_x_at,7.039235002408113e-09,1651.9472093023255
212433_x_at,3.665903467078249e-07,1651.3313953488378
216594_x_at,0.0016886737371424462,1651.2786511627905
220960_x_at,9.199481664679724e-09,1650.9060465116272
213588_x_at,1.8898070597341037e-05,1649.9665116279066
208982_at,2.2842730262709438e-07,1645.3100232558145
202442_at,3.1045628748115624e-10,1643.8488372093025
201290_at,1.2235300523891919e-08,1639.9900465116275
209948_at,1.1197425506332503e-12,1636.2155813953486
200700_s_at,1.503145834307618e-11,1635.9100232558137
211813_x_at,9.448376371529595e-06,1632.8359767441857
202029_x_at,2.2249632248423372e-09,1630.3730232558146
211937_at,1.0608069686655376e-09,1629.2231627906983
205382_s_at,0.011363783356931464,1626.7987534883712
219398_at,0.0005590009956130898,1626.779674418604
219269_at,7.132905692942552e-10,1626.275348837209
218101_s_at,1.6576668416184805e-08,1624.856046511628
209699_x_at,0.010634238301424466,1622.8932883720936
210131_x_at,4.755192877276246e-19,1621.0800000000004
217927_at,9.235102772101004e-09,1620.1079069767452
218191_s_at,1.382273954496734e-14,1619.5746511627908
215394_at,3.88875645189679e-14,1618.6512325581396
201775_s_at,3.1379001502932285e-12,1618.301860465116
204246_s_at,6.503077126211611e-09,1618.2988604651166
208692_at,3.0386696781990088e-05,1616.239488372093
214271_x_at,9.434357772200544e-10,1616.196511627907
205392_s_at,4.1082385717392364e-07,1612.3821860465114
221726_at,3.503162119179374e-08,1611.4158139534884
211969_at,6.742083348185614e-06,1604.2026511627905
217993_s_at,4.943548025168809e-10,1604.02
202059_s_at,1.3408850241493431e-09,1603.1176744186055
200705_s_at,2.2930076617725404e-08,1602.999302325582
221775_x_at,3.9125958787256354e-06,1602.3830232558148
201289_at,3.7872191416859555e-05,1599.8516744186054
208861_s_at,2.1950266500165035e-12,1594.9181395348846
200761_s_at,1.1995738066038303e-09,1594.2804651162792
202878_s_at,2.5817702652281055e-09,1591.3220930232555
200077_s_at,1.5236289560283804e-08,1591.3127906976742
217718_s_at,1.3928277136457107e-08,1589.1267441860468
208640_at,3.2105806456726024e-10,1584.8358139534885
211858_x_at,5.036021785762281e-09,1581.750046511628
210453_x_at,4.4252985655824423e-14,1580.4672325581396
202194_at,1.3279649223475692e-11,1580.0293023255804
202081_at,6.464769586467887e-08,1573.2059069767442
211161_s_at,0.0002898613927585254,1571.3629302325585
200663_at,4.625743629201877e-08,1570.7055813953489
220274_at,1.936816625170447e-10,1570.108162790698
208113_x_at,5.108589861159291e-07,1562.8181395348843
217724_at,4.1369705477378195e-08,1562.4095581395336
211980_at,4.3496320777621694e-05,1558.5371395348834
208405_s_at,5.5654146304035045e-06,1557.7662558139536
211997_x_at,2.1372989830707287e-07,1555.9311627906973
213890_x_at,2.7359010369953216e-06,1555.8886976744188
221817_at,8.143106717440536e-09,1555.3718604651162
206101_at,2.647466155025371e-07,1554.9691860465125
202404_s_at,0.00043451253299486446,1554.1899302325592
206861_s_at,2.6756521581942653e-06,1553.2839534883724
201426_s_at,0.00023165196357661025,1549.1320488372094
213455_at,5.24213273108602e-10,1548.75
200089_s_at,8.506936933224455e-08,1548.2368139534883
220574_at,2.6184180474662794e-07,1544.3479999999986
208626_s_at,1.7409395306944843e-07,1541.922558139534
200937_s_at,1.4328565996543527e-06,1541.8658139534891
56197_at,6.541918281305867e-12,1540.3597674418606
200080_s_at,1.4006897822107007e-06,1539.3727906976733
201963_at,0.0014052537900470662,1536.6918441860466
211719_x_at,0.007426630902726895,1535.8004046511624
208616_s_at,2.2980115768483203e-08,1535.6347209302326
200871_s_at,9.200107311228988e-07,1534.5658139534885
213932_x_at,4.858490087694917e-07,1533.2388372093028
209458_x_at,0.005101099679192719,1531.5653488372095
209026_x_at,2.3181381785280468e-09,1531.1800000000007
201137_s_at,7.315636956985789e-09,1530.4806744186053
220964_s_at,6.354529295334871e-10,1529.017744186047
202520_s_at,8.696351432214713e-13,1528.7679069767446
212771_at,2.3294604297997324e-11,1528.493953488371
209476_at,4.549811091488144e-15,1527.648395348837
209210_s_at,0.0007042340852543669,1527.1921860465109
201597_at,4.2076319076262795e-12,1526.3730232558132
48612_at,6.186028678014506e-12,1526.1886046511631
210968_s_at,9.501199141934426e-07,1521.112953488372
210338_s_at,5.99983890257298e-10,1520.5661860465113
204102_s_at,3.738218041916445e-07,1518.4049999999997
213657_s_at,1.5173804545543987e-12,1517.6977209302322
200025_s_at,2.5162082744106933e-07,1511.5688372093018
208738_x_at,1.1156381935481624e-13,1509.2716976744186
213881_x_at,2.1525121713402983e-08,1507.9995348837201
208746_x_at,2.1481882294983645e-14,1503.6058139534878
200041_s_at,1.1801864580220949e-07,1502.8592813953485
212667_at,5.139350409544893e-06,1498.9489534883717
200652_at,5.579356809583258e-09,1497.5633953488364
221707_s_at,1.2188073581646251e-05,1497.289023255814
204007_at,6.951846071268648e-11,1496.1073255813956
201104_x_at,4.720708984848554e-11,1493.2476744186047
203034_s_at,2.588629517138453e-07,1492.2999999999997
212320_at,2.8075936806480026e-10,1489.8827906976749
217747_s_at,3.489537624787793e-08,1489.6194418604643
210774_s_at,1.9731990612684243e-05,1486.835813953489
221798_x_at,0.00043126225118594966,1486.8108139534884
207076_s_at,1.919987146717154e-06,1484.832976744185
201744_s_at,6.9187347915006245e-06,1484.6273488372092
201012_at,0.0002118790636629663,1484.1103023255814
215193_x_at,2.6236680706462876e-08,1481.7029534883723
217845_x_at,2.2456659654243703e-06,1480.8572093023254
201427_s_at,1.1768338787324166e-05,1480.348511627907
208944_at,9.169034363094576e-06,1476.1205348837202
214953_s_at,1.3121432079370042e-10,1473.004651162791
221067_s_at,4.606458942708763e-08,1470.9248837209307
212646_at,7.462404840544908e-08,1469.8023023255826
206488_s_at,0.006277177749367557,1469.6292093023267
221729_at,1.4801595064249074e-05,1469.0339069767447
214836_x_at,0.0016742579692438247,1469.0183488372088
200912_s_at,2.115039404847708e-08,1468.3595348837212
201973_s_at,2.3949724349129217e-09,1465.3358139534885
220161_s_at,1.8547766030508168e-08,1460.9825581395348
200774_at,7.553576052065444e-09,1460.538604651163
203282_at,8.964325485456798e-07,1457.4409069767441
221629_x_at,5.431680024097799e-12,1456.174372093023
201631_s_at,0.00012110884667423877,1453.7186046511638
206049_at,1.6147540883640203e-15,1453.567418604651
200803_s_at,1.6142190789094673e-09,1451.89234883721
212119_at,3.245818951834988e-06,1451.6434651162795
209613_s_at,0.0014545535467513815,1449.4759069767438
205021_s_at,4.2479911393064066e-07,1447.3683720930228
220547_s_at,3.661486759703865e-12,1445.3451162790689
212237_at,1.4661244907111366e-15,1444.602093023256
209138_x_at,0.0028322098107632127,1443.692279069768
201785_at,7.190715665451388e-06,1442.8870465116274
200012_x_at,3.211854018503593e-07,1440.8472790697683
210592_s_at,4.839601894327282e-07,1439.998953488373
208780_x_at,3.852452590289017e-08,1438.8181395348834
209249_s_at,1.7576447390901207e-09,1438.3383395348844
209135_at,1.1465138747559656e-05,1437.8691627906974
213356_x_at,0.006024300887580898,1437.5933720930243
213545_x_at,3.759579989494559e-09,1437.453744186047
203445_s_at,7.126046044611147e-08,1433.7795348837208
214677_x_at,0.0023386263496298202,1433.1434046511629
201022_s_at,6.350697754869921e-06,1432.1327906976753
200023_s_at,6.275599263867618e-07,1428.73734883721
202021_x_at,0.00017241922795535939,1424.2402093023256
201231_s_at,1.84665450125824e-07,1423.3856744186046
201530_x_at,8.616033267285279e-11,1419.8118372093027
202004_x_at,2.7940468948416556e-17,1419.699162790698
208836_at,2.119784060150712e-08,1419.6920930232568
211465_x_at,1.3663418762954219e-05,1418.0788372093034
211026_s_at,9.457923061430739e-07,1416.5205348837203
221466_at,5.53724530801989e-13,1416.0095116279074
221689_s_at,4.939719921999201e-14,1415.2189767441866
213860_x_at,1.5598677678594962e-09,1414.134255813954
202766_s_at,0.00020016043685438433,1412.8968372093027
214687_x_at,1.9063459547387823e-08,1411.872953488372
214039_s_at,9.020717306829571e-07,1405.8420930232555
212826_s_at,2.1176822427579413e-10,1405.4193023255814
201041_s_at,0.0037088156011561113,1403.8652325581402
217398_x_at,1.1092470231081815e-08,1403.6828837209307
200905_x_at,4.1857068633345773e-10,1403.0042093023253
202544_at,1.9169315207342941e-10,1401.4230232558143
208697_s_at,4.512501022361626e-06,1401.1198372093027
221731_x_at,9.53922863987614e-05,1399.914906976744
211340_s_at,1.3818307234445522e-05,1399.8228372093026
209335_at,1.8948403642630035e-06,1398.6677906976747
212933_x_at,2.7549356798605065e-07,1398.4399999999996
208667_s_at,1.5499535794722412e-10,1395.6206976744184
214496_x_at,1.2318908833093435e-08,1394.0159069767453
208923_at,5.051343831164306e-08,1393.2688372093025
208683_at,1.4171428316090449e-09,1391.6632558139531
212370_x_at,8.39723497984921e-12,1390.7739534883708
221891_x_at,1.3351933394387504e-05,1388.7404418604642
215687_x_at,2.7797613717478038e-08,1385.940232558139
212097_at,0.0073651466193913355,1385.5010465116288
202919_at,5.224133155796859e-11,1384.4323255813952
201865_x_at,1.0512902197009514e-05,1384.2672093023261
211628_x_at,0.0007147471175560857,1383.4900000000002
214091_s_at,1.974357464021604e-05,1382.8483720930224
214726_x_at,2.165290541646365e-09,1382.1969767441865
202228_s_at,1.0730093870215114e-07,1381.6596511627913
202529_at,7.085678020200705e-12,1380.216744186047
202244_at,5.685103178289337e-09,1377.8478139534882
217736_s_at,2.0853286311597655e-10,1374.4495348837208
212213_x_at,6.9103781828896346e-12,1373.7341860465112
200057_s_at,1.2590447880747635e-08,1372.993488372092
213798_s_at,1.4108527219934738e-06,1370.8984186046514
218554_s_at,2.6433153527521053e-07,1370.7709302325566
212227_x_at,5.530123135366817e-05,1370.1020697674421
201676_x_at,6.203921136797051e-07,1369.930139534884
208845_at,1.0145086216940889e-06,1369.5209302325584
215057_at,3.897543894531542e-06,1366.90930232558
207330_at,1.676619369628826e-14,1366.2332558139542
210825_s_at,3.628972218451596e-08,1365.9139534883725
218460_at,6.3777742511706e-11,1365.6153488372097
210949_s_at,8.097551509846186e-09,1365.4615581395346
203455_s_at,8.721955764644041e-08,1364.6269767441854
215071_s_at,2.7693937357788212e-08,1363.4588837209305
202298_at,1.2295161754390327e-08,1363.3903255813957
213702_x_at,1.0909014417263561e-05,1357.1744186046521
210927_x_at,1.7712492605559256e-06,1353.4711627906972
211919_s_at,2.1550205722367366e-14,1352.0688139534882
208687_x_at,1.540138839853542e-06,1351.3198837209306
55705_at,1.3745845742952537e-15,1350.8895348837214
200029_at,0.0019643668694671363,1350.640604651162
202515_at,8.537257018397653e-09,1350.4001627906969
212801_at,1.26698836692855e-13,1343.4758139534883
201068_s_at,3.917909845819972e-09,1342.8656744186046
221875_x_at,7.472213429957804e-08,1342.7637674418604
201453_x_at,1.4084134523880367e-08,1338.913720930233
217456_x_at,2.915785212243504e-13,1338.5387906976744
208898_at,2.35652755976376e-14,1338.5376279069774
201180_s_at,2.6744882011235347e-10,1337.2650232558135
217892_s_at,1.817353716702144e-07,1336.6295348837211
202967_at,2.7758982594895187e-12,1336.6212093023257
217768_at,1.9405438167706844e-08,1336.54853488372
212558_at,5.203746282538621e-07,1335.9364651162787
200024_at,6.847615452258576e-08,1334.7202558139525
212372_at,1.324882011707426e-06,1330.3044186046511
200696_s_at,0.00028984826081566474,1327.829139534883
220115_s_at,1.0873592713179883e-14,1327.718837209302
201029_s_at,2.294243275327359e-05,1325.0606976744189
221619_s_at,6.134151517564532e-10,1323.106279069766
202907_s_at,7.886888457262892e-09,1320.828372093024
210982_s_at,2.2197176239264177e-05,1320.5421860465115
210946_at,1.2511097908580424e-05,1319.668813953489
211968_s_at,2.5679459548355e-10,1319.1140465116273
204812_at,1.319316274983096e-10,1318.5102325581383
219542_at,2.8044533958031105e-14,1317.4241860465117
200740_s_at,2.0532894580096183e-09,1317.3200000000002
209296_at,6.198261721097243e-10,1315.5588604651175
201071_x_at,3.4350352045187577e-06,1315.460488372093
211662_s_at,7.691101930417292e-08,1312.5726744186045
212573_at,2.102183711362341e-14,1312.347302325581
202037_s_at,6.39945030586952e-06,1312.316744186047
214150_x_at,1.619341411530438e-05,1312.2094186046515
217779_s_at,5.976857460336799e-07,1311.7695348837215
211749_s_at,6.843054063888039e-12,1310.9634651162792
38707_r_at,3.7627030467412316e-05,1310.8183720930242
200669_s_at,1.0991305228142712e-18,1308.3476511627907
221671_x_at,0.0007753699851973514,1307.638372093023
209223_at,1.2180527957085572e-11,1306.4855813953482
209140_x_at,2.6969049429593634e-06,1306.4492325581396
200081_s_at,0.000987079206817819,1306.0490930232559
200978_at,7.796592612597966e-05,1305.7785116279067
201103_x_at,1.4633776832893247e-06,1302.9314186046504
211699_x_at,0.0010423084595372928,1302.676976744186
209695_at,4.148380186523648e-16,1302.4963953488373
211911_x_at,8.381387887771032e-11,1302.1989999999996
219549_s_at,1.8346930839969588e-05,1299.2671860465116
200642_at,4.601464948717426e-07,1297.5114418604644
208073_x_at,3.7026221343781816e-07,1296.5854186046517
203221_at,3.623021293338807e-08,1296.203023255814
212195_at,0.00023649104770258022,1294.1727441860453
211950_at,4.3813835338611107e-11,1293.8151162790696
217848_s_at,1.6113936688652243e-05,1293.6805348837206
214022_s_at,2.9773272458631785e-05,1292.698372093022
218926_at,1.1720427634803906e-14,1290.8013255813948
201319_at,7.526421642874744e-08,1290.6575348837218
200858_s_at,2.701295393498224e-08,1290.6060000000007
200038_s_at,1.3237613965363785e-07,1290.5831395348841
215451_s_at,7.760671676584773e-12,1290.5397906976739
212509_s_at,0.00011985067686838301,1290.4830697674433
201968_s_at,4.289414340561926e-06,1289.231232558139
212130_x_at,0.000317030525820814,1287.3180674418609
201215_at,4.488809264616732e-08,1286.107186046512
212875_s_at,2.4799126900313812e-05,1284.3954186046512
203761_at,6.1345767796213396e-06,1283.0332558139535
210648_x_at,0.0002045572098611285,1281.9376976744188
221651_x_at,0.00046106123876427096,1281.297860465116
215773_x_at,5.1300100965041906e-11,1281.2969767441862
218357_s_at,1.347274479230008e-07,1280.8086046511635
208619_at,5.076033782568894e-09,1280.3167441860464
200972_at,7.830963687140801e-05,1280.0357209302329
203548_s_at,0.018522029645742743,1277.81863488372
212226_s_at,2.215633371284241e-05,1276.858186046512
201457_x_at,8.814027686245626e-12,1275.6069767441868
217769_s_at,5.222287135071612e-07,1274.8150930232564
217727_x_at,1.2326141515899587e-11,1272.6207209302324
208152_s_at,9.42084903072522e-10,1272.2630232558145
221036_s_at,1.1521713483024509e-11,1270.8976046511618
200925_at,1.3621394483421721e-12,1269.9263953488376
208628_s_at,4.9591438461088746e-05,1269.695511627907
200030_s_at,3.484490426149542e-06,1269.3788372093027
201938_at,9.090206629954443e-11,1268.867069767442
207185_at,9.874724453921595e-09,1268.809069767442
218124_at,0.0001110709652834668,1268.5970232558136
204404_at,3.4100501392399462e-12,1267.7904651162794
200067_x_at,1.651723125040936e-06,1264.4386046511631
202261_at,1.543398235708966e-13,1264.013488372093
204977_at,5.000418855991047e-10,1263.6413953488368
208805_at,3.841106116889333e-07,1261.3181395348838
201128_s_at,1.1055525814811472e-09,1260.3930232558141
212295_s_at,1.0519029883683674e-10,1258.8918604651162
201778_s_at,1.5552750430551178e-10,1258.4232558139524
200989_at,2.0912459266323992e-07,1257.9418372093028
200728_at,1.174882350442791e-08,1257.809906976744
216807_at,4.718650404233562e-15,1257.1122325581396
200627_at,2.9686423415738936e-06,1257.0651627906973
212190_at,2.50114846714176e-10,1256.5967441860462
208114_s_at,2.0831560839167694e-12,1256.0690697674427
204052_s_at,3.8888783132947e-13,1255.6378837209304
203363_s_at,5.60285330752974e-15,1255.2150000000001
219350_s_at,6.178435378604041e-06,1255.1697906976747
212697_at,5.080872007547792e-17,1254.7776744186046
209971_x_at,6.910968042819251e-15,1254.22976744186
218316_at,6.140475306561788e-10,1254.1765116279075
48030_i_at,4.105037758412984e-07,1252.3004651162787
212425_at,1.0208692861144133e-10,1251.3766744186046
215758_x_at,5.301460497881185e-09,1251.1372093023256
208638_at,6.487844607265711e-08,1250.851465116279
203616_at,1.8595339100087465e-11,1249.259674418605
222125_s_at,1.4117488970570697e-06,1249.239348837209
215000_s_at,5.352170539723633e-07,1249.013023255815
211942_x_at,1.4886046701296797e-05,1248.262441860465
210501_x_at,6.798705257055088e-14,1247.7448604651158
200996_at,2.2732462158339024e-06,1245.9353953488367
222231_s_at,4.9281000596069424e-11,1244.4197906976751
218048_at,5.177198224572995e-08,1244.0329767441863
201146_at,1.8947384619935357e-09,1243.687139534884
200984_s_at,1.2969408055986272e-10,1242.984558139535
217767_at,0.00035877565029869795,1242.9082651162794
210299_s_at,0.00015237856393520224,1242.7426674418602
206656_s_at,1.1527698028113082e-05,1242.0433023255814
208668_x_at,8.732830119242873e-05,1241.8672093023251
200909_s_at,2.894839557335004e-07,1241.5504418604644
200037_s_at,5.1285103904345185e-06,1238.256744186047
AFFX-HUMRGE/M10098_3_at,5.7294660407530926e-08,1237.6884883720934
221474_at,2.812377384622103e-07,1237.4226976744185
202822_at,7.323373791174094e-11,1237.3448837209294
201814_at,2.4525637196588e-08,1237.1302325581387
205575_at,3.1361792092752424e-09,1236.947441860464
210759_s_at,2.3554461390449113e-08,1236.9045581395353
212123_at,1.2607582053402316e-08,1235.7683720930227
204533_at,2.1479219392058401e-07,1234.5399999999997
211967_at,2.4697359495487444e-07,1234.2960465116275
219087_at,8.399154387802386e-06,1234.079
213386_at,2.547933679423419e-11,1234.024093023256
203303_at,4.817087881098286e-10,1233.9282325581391
200655_s_at,1.3687121456804996e-07,1232.6697674418601
217835_x_at,9.23724726082144e-12,1232.2372093023246
212203_x_at,3.550318843797449e-05,1230.7782093023256
220665_at,1.5599599552083223e-05,1230.7372790697677
213399_x_at,1.485182336384857e-08,1230.6280232558138
210925_at,8.196064716164386e-07,1228.4980000000003
214938_x_at,9.949904261333758e-06,1227.2373255813945
212440_at,4.043030330643845e-10,1226.981162790698
217979_at,0.0002801323352895126,1225.0904651162787
202399_s_at,3.9950706208771963e-10,1224.7658139534892
218515_at,1.0341447002906067e-12,1224.3793720930234
202973_x_at,8.913406773025212e-05,1223.5376279069767
200782_at,4.5175536722945854e-08,1223.333069767442
201097_s_at,3.315602415508776e-05,1222.2287209302322
200004_at,2.5329084576139753e-05,1222.0674418604658
211504_x_at,1.1210143824513511e-05,1221.6569767441874
200632_s_at,0.0002091105711816869,1221.0314883720926
204972_at,8.860738380383971e-08,1220.5309302325577
203392_s_at,8.403688702779382e-09,1219.9206511627906
203915_at,0.00021598052055063155,1219.5153488372089
202299_s_at,6.361885637926638e-11,1218.840720930232
AFFX-M27830_M_at,0.001754781223488826,1218.4362325581387
211921_x_at,5.924164381354133e-05,1218.3116046511632
218718_at,8.850513653763937e-11,1217.8870000000004
200046_at,5.044492023287237e-09,1217.631790697674
201236_s_at,4.772145402714264e-07,1217.1079767441854
201470_at,3.4233114995443924e-11,1216.366511627907
212135_s_at,1.3954536967303483e-09,1215.9993953488374
211528_x_at,4.7449864665363905e-07,1215.9373953488378
201519_at,5.603206536242407e-08,1215.8458139534891
201433_s_at,1.453406955135705e-08,1215.4837209302323
221511_x_at,2.4799930693183796e-10,1214.7223023255815
212690_at,4.517665756048484e-08,1214.5327906976743
216998_s_at,8.227868097726245e-10,1213.0123255813955
216221_s_at,1.466403208449528e-11,1212.6469767441863
218142_s_at,1.9470341267829404e-09,1211.9413488372097
210301_at,2.9315531583913983e-08,1211.6944186046503
211671_s_at,1.4464008903777501e-11,1211.5365116279063
209687_at,0.0001641421255647695,1211.3770232558143
208775_at,7.987440968973818e-07,1209.492093023256
202185_at,3.11967889021709e-05,1209.484720930233
208833_s_at,1.4362415892216588e-08,1208.6539534883714
201105_at,0.0003074399557481589,1207.4312790697672
121_at,3.4081893239782036e-12,1207.1290697674422
212426_s_at,1.5832582986039547e-05,1205.781255813954
201166_s_at,2.7351815173268457e-08,1205.6479069767447
213612_x_at,5.848857907989507e-05,1205.308837209302
218692_at,9.824206495508205e-09,1204.7836511627906
200715_x_at,0.0007597098690293673,1203.384930232558
213699_s_at,2.7489674631260348e-06,1202.034069767442
200068_s_at,1.9661570084500804e-08,1201.595372093023
209075_s_at,3.5224824555086668e-09,1201.2244651162782
212352_s_at,5.134329053185443e-10,1201.0933720930234
200877_at,2.6654324166338485e-06,1201.087720930232
209568_s_at,1.7291026671754825e-08,1201.0295813953485
200007_at,3.3451808795161984e-10,1199.517418604651
208847_s_at,1.4979411531184345e-06,1199.5067674418601
208149_x_at,3.05204780248051e-11,1198.8739069767432
200694_s_at,3.9317751398165256e-11,1198.6856046511632
208598_s_at,6.199503347284135e-14,1197.2023255813954
201653_at,4.3475764583622507e-10,1195.6095116279066
202708_s_at,8.742544188662228e-11,1195.5476744186049
203621_at,6.843275544541623e-11,1195.3769534883722
209036_s_at,6.644748073446858e-09,1195.0491976744186
210200_at,2.051582857436169e-05,1195.0166976744183
203461_at,1.799186908782639e-13,1194.391581395349
219397_at,6.316904575541838e-15,1193.7285348837217
202917_s_at,0.0008500725879361005,1193.384627906977
200771_at,1.0724765212826335e-08,1192.9397441860465
218972_at,2.8919556724749433e-11,1192.936279069767
207071_s_at,5.587085557272606e-06,1192.8941627906975
218966_at,2.0447234505978833e-08,1192.1832325581404
208749_x_at,3.006514814078835e-14,1191.6726511627905
201210_at,4.940408967585276e-07,1191.6208372093024
221516_s_at,8.35442253587037e-11,1191.3553488372095
221476_s_at,4.6037541124664014e-07,1190.72988372093
210532_s_at,1.2550980935492052e-11,1190.6334883720929
200603_at,2.591217912975866e-07,1190.197953488372
201588_at,5.041014474656047e-12,1188.700465116279
200870_at,1.8187658536934212e-10,1188.5553023255818
215814_at,0.0018306167085655708,1188.4498604651158
64883_at,5.19640835294221e-15,1188.0544186046513
200657_at,1.5570588808582686e-05,1188.0517674418606
208905_at,1.0230564340194298e-06,1188.011860465116
204219_s_at,1.8665862581635475e-09,1187.3645581395344
213513_x_at,5.976665252426467e-11,1186.5962790697663
201525_at,5.3492669851031775e-05,1186.5223255813953
219287_at,8.985280831286133e-10,1186.388372093024
200607_s_at,2.7238769321577226e-09,1186.0038372093024
201088_at,1.8308268625700777e-10,1185.8818837209305
200047_s_at,5.421097055120294e-07,1185.5983720930226
212857_x_at,2.1848739808323296e-07,1185.1493023255812
200018_at,7.540281904441163e-05,1184.2906976744189
206485_at,1.3049173055207858e-09,1182.5838837209299
215040_at,2.9920536099431202e-06,1181.8902325581394
216542_x_at,3.6381964981067455e-13,1179.53
221622_s_at,1.2686223099938935e-14,1178.7060465116276
203874_s_at,7.708905934010866e-10,1178.4521860465125
218606_at,1.539870760901242e-08,1178.0095348837203
221488_s_at,3.1203625862113825e-11,1177.968348837209
208767_s_at,2.2803074047702022e-10,1176.7576744186047
212572_at,2.019751690121236e-10,1175.8011627906978
218633_x_at,5.338229838206462e-06,1175.5506976744186
202754_at,1.1980591194897655e-09,1174.0725581395354
217807_s_at,0.00015194916565524285,1173.6249302325577
217750_s_at,1.891669304738112e-11,1171.9901860465113
200759_x_at,7.939837712364404e-09,1171.5326511627907
202377_at,9.648795893516973e-10,1171.421395348836
200743_s_at,2.8592893258576648e-11,1170.5288372093019
205812_s_at,5.492370359487987e-06,1170.33123255814
221481_x_at,2.4409387690939857e-05,1169.4889767441864
203617_x_at,1.2106058752285574e-08,1168.5679767441852
209594_x_at,7.380768417566733e-12,1168.0606976744189
221471_at,1.9337691975263437e-10,1167.859837209303
212379_at,8.136186585370491e-09,1167.771418604651
209939_x_at,1.5243906987825967e-09,1167.5987209302327
212994_at,9.958111863010047e-11,1166.9124186046515
217645_at,9.898678955872065e-08,1166.4307906976737
211387_x_at,4.72669054098431e-07,1166.3395348837214
212171_x_at,3.8684204034826706e-14,1165.4186976744186
205726_at,1.389166556599001e-09,1164.7419302325586
208865_at,2.5263536768390727e-09,1162.8446511627908
203580_s_at,2.4570647815632088e-08,1162.6583720930237
210739_x_at,1.4609774991790173e-09,1162.1781395348848
203175_at,5.675730904448867e-13,1162.1600000000003
200833_s_at,0.00045728846876213043,1162.0917674418602
220395_at,1.5716338067075282e-11,1162.0144186046514
216213_at,7.791022029793869e-11,1161.1272093023244
219140_s_at,0.00960202892316031,1159.0670813953493
210273_at,7.314155281441226e-08,1158.8876279069761
201000_at,7.191195758212703e-14,1158.8037906976745
207543_s_at,1.2261939041900976e-06,1157.371697674418
215801_at,1.1619620438499226e-12,1157.1188837209304
200677_at,1.3432820678711566e-06,1157.1099999999992
214771_x_at,2.366045809301502e-08,1157.0121395348835
201220_x_at,3.0960700114430964e-07,1156.7968139534876
212149_at,5.216624843286892e-06,1156.7918604651168
211405_x_at,7.913169379723549e-13,1156.733674418605
201841_s_at,5.315048845384738e-05,1156.711344186046
200063_s_at,0.0008945790228020731,1156.1090697674413
210809_s_at,0.005957759688659364,1155.889069767442
203113_s_at,3.787545060999437e-07,1155.628469767442
211529_x_at,1.5286441562476336e-06,1155.0737209302326
213911_s_at,6.008012780419443e-06,1154.178651162791
205788_s_at,1.0947014764044892e-11,1151.9618604651155
201398_s_at,4.823781004393371e-07,1151.7329534883727
215867_x_at,6.755122054559596e-07,1150.9388139534883
219410_at,2.9923773590857617e-09,1150.2627906976743
208785_s_at,4.056603293192615e-11,1150.2406279069767
200096_s_at,2.9978483247060518e-05,1149.659093023256
212751_at,1.9420904483366304e-13,1149.2248372093022
212461_at,1.1531396491204482e-10,1148.9034418604654
203905_at,1.4375886375325675e-06,1148.833255813954
209596_at,1.4514569949372097e-05,1148.823046511629
213307_at,1.5859504943564768e-10,1146.8402325581392
206621_s_at,2.870093514318226e-08,1146.8283023255813
212266_s_at,4.0734998407021914e-07,1146.4398139534887
202677_at,8.082755095304575e-08,1145.878697674419
208578_at,6.192492477172607e-05,1145.487906976744
221792_at,2.1065579097801818e-07,1144.6685813953486
200039_s_at,6.879378678384743e-09,1142.8373255813958
213185_at,4.169778495413653e-08,1141.4379069767442
218467_at,2.5905317428469136e-11,1141.0347441860467
209002_s_at,2.4668012883206045e-10,1139.4248139534882
206256_at,8.999623923862603e-10,1139.3490465116286
216809_at,3.543022944547072e-11,1138.717906976744
210211_s_at,6.666053627548492e-05,1138.6620697674416
201400_at,0.00038586617323930784,1138.241162790698
201032_at,1.4280527670774178e-06,1137.468418604651
202819_s_at,4.156384578149494e-10,1137.435953488372
212741_at,0.005258926568250975,1137.2425860465119
218507_at,1.7295968480641152e-09,1137.222558139535
203136_at,1.0588088420126638e-11,1136.2441860465121
200923_at,2.1627424493257936e-08,1134.8063953488372
212386_at,5.854225169474947e-07,1134.5036976744186
208617_s_at,4.050471921645875e-09,1134.470348837209
213735_s_at,2.119306729890108e-12,1134.220651162791
213332_at,1.4349173045076294e-10,1134.183348837209
211075_s_at,1.5936758189621019e-10,1134.1235348837208
214394_x_at,0.02502600920423711,1133.961930232559
201112_s_at,2.1325432086552355e-07,1132.6849767441856
200003_s_at,1.084302090839183e-06,1132.5070465116287
201338_x_at,2.009676556239851e-06,1132.1420930232555
202296_s_at,2.3215837156501903e-14,1132.0522093023258
209389_x_at,1.2523274846816423e-08,1131.5094651162794
219666_at,1.020007944067038e-09,1130.0293023255813
200985_s_at,2.356852947707183e-06,1129.554720930232
200765_x_at,2.359794741275578e-07,1128.2968139534887
201919_at,1.2516262748132214e-09,1126.484767441861
201172_x_at,2.8114061353969132e-08,1125.681232558139
217883_at,3.998119814875363e-08,1125.5447209302324
204622_x_at,5.400188761575139e-10,1125.3637209302324
210686_x_at,3.245980057867818e-06,1124.3851162790697
44563_at,8.408779243830847e-13,1124.3725581395352
210039_s_at,2.4938893779189173e-07,1123.1872093023258
204424_s_at,0.0003508321312129946,1123.179790697675
210638_s_at,1.0656471233445083e-13,1123.1217209302326
215380_s_at,1.0511796457611175e-07,1122.8014418604648
201666_at,6.381142114651948e-09,1122.3229767441867
208025_s_at,2.059776391347723e-13,1122.179395348837
209123_at,6.173293493689372e-05,1121.941418604651
213151_s_at,4.1323991114755315e-07,1120.9275116279066
208787_at,2.921183282323926e-08,1120.6872790697676
200726_at,6.697114448576177e-09,1119.6026976744188
201601_x_at,0.0006231003243148182,1118.7240883720935
212114_at,2.032567610243826e-09,1118.685813953488
33768_at,1.11694906744717e-09,1117.6707906976746
217811_at,9.041154646101103e-11,1117.2550627906976
210095_s_at,0.0001491435311311496,1116.8644883720935
202829_s_at,1.8017436719493024e-13,1115.9296511627908
221378_at,2.5465956620498906e-12,1114.8091162790695
209014_at,6.0173297360334665e-06,1114.2228372093023
202658_at,3.747926651468559e-12,1114.0676976744182
217554_at,1.7517431052962015e-08,1113.621162790697
201256_at,2.6326386943233535e-12,1113.5822325581398
210139_s_at,3.904488859688478e-05,1112.54665116279
217393_x_at,1.8816114955017344e-08,1110.573604651163
201600_at,6.9685133086276215e-12,1110.1630697674416
210987_x_at,1.6783275177322227e-07,1109.9850930232556
218418_s_at,1.0688687037501199e-05,1109.0117906976748
202265_at,1.2271508109438218e-11,1107.9106511627906
208904_s_at,5.190246805949509e-06,1107.442837209302
222229_x_at,1.244326587237431e-05,1107.0832558139527
218648_at,7.297529477652773e-12,1106.9232558139538
202753_at,1.668322705371289e-16,1106.7588604651166
206132_at,4.5158797586158885e-06,1105.8260465116277
32811_at,5.185669284677508e-13,1105.553488372093
201730_s_at,3.8365860436174877e-07,1105.054051162791
204923_at,2.15273272046017e-13,1104.5783720930244
214421_x_at,3.7528760788961025e-08,1104.3102790697683
204687_at,2.610127443582185e-12,1102.0187209302326
201021_s_at,1.1310517548462865e-09,1101.893
204366_s_at,2.1958430018336044e-11,1101.7268372093026
219428_s_at,1.198002516423943e-13,1101.1193023255814
220881_at,1.536614962768787e-13,1099.7620232558143
201667_at,0.0001749196619044031,1099.7393255813952
200773_x_at,2.705507093839139e-06,1099.6723255813959
220135_s_at,4.440164744875713e-08,1098.4437209302328
205849_s_at,6.2955666097378595e-06,1098.1675348837202
211337_s_at,1.3510353003069583e-12,1098.1482325581394
221952_x_at,1.1109235714845081e-10,1097.8050930232555
214211_at,3.6288086204094733e-06,1097.5872093023263
209732_at,6.20036992450476e-08,1097.5453488372093
202291_s_at,0.014751981308362713,1097.1452790697672
208929_x_at,1.6016443486945485e-08,1096.2334883720932
208672_s_at,1.501318251208194e-06,1095.2153488372087
209770_at,4.589408866881757e-13,1094.79965116279
205758_at,4.947144424586927e-08,1094.773558139535
214948_s_at,2.803818576871266e-09,1094.639162790698
200061_s_at,3.524954015703515e-07,1094.1690697674421
201346_at,5.348424215582637e-05,1094.142581395349
214734_at,4.394666273552553e-13,1093.7704651162792
221896_s_at,2.0035555803194287e-07,1093.6927209302323
202522_at,2.6599435655269544e-05,1093.1646046511628
200086_s_at,0.0004750936444898176,1092.7621395348842
216379_x_at,0.02277365722421848,1092.3293488372092
203858_s_at,1.5992230742815075e-07,1091.683790697674
212238_at,2.969641925971363e-16,1091.3172093023256
201234_at,9.820494872115063e-10,1091.29511627907
210036_s_at,3.706709579123991e-13,1090.317302325581
201812_s_at,3.175635416567745e-08,1090.1055813953499
202061_s_at,2.1494106568506498e-11,1089.7053255813953
203436_at,2.874048714805173e-08,1089.4890697674414
201200_at,4.331160629746488e-09,1089.0305581395346
201694_s_at,6.283635251104675e-05,1088.9693023255813
207458_at,5.33197984458757e-13,1088.503488372093
208647_at,4.300459850199853e-05,1087.9481395348835
212355_at,5.4880902039840856e-15,1087.7472093023255
201684_s_at,4.1702896806745036e-08,1087.407558139535
200944_s_at,0.0021931916992166236,1086.990511627906
202759_s_at,1.472854454433039e-07,1086.976604651163
221478_at,6.040088263893582e-07,1086.9229302325584
215126_at,4.42510068193703e-09,1086.3013953488362
213491_x_at,3.388813655866183e-06,1086.0382744186052
212294_at,1.317089547741621e-12,1086.0327441860463
217150_s_at,2.9971666027424607e-12,1085.892186046512
204680_s_at,2.839866469593625e-10,1085.8885348837207
200091_s_at,2.680114662149828e-05,1085.644651162791
205318_at,3.959757618219732e-13,1085.2230465116288
219649_at,2.2787277698409225e-14,1084.3944186046515
202428_x_at,3.530703097434731e-07,1084.063720930233
211240_x_at,6.151068991691391e-10,1083.6818604651157
218757_s_at,8.278670791049636e-12,1083.3604418604648
202098_s_at,1.3844894619983954e-10,1083.1656279069769
214853_s_at,6.514926551416167e-13,1082.4674883720927
216342_x_at,0.0007096592435786358,1082.2766046511629
203323_at,0.007372357828929775,1081.8820930232555
206662_at,2.067956401795498e-09,1081.7203255813959
212967_x_at,4.7508909117009654e-08,1080.2347906976747
200662_s_at,1.936200720279566e-07,1080.1
221479_s_at,7.173667973172164e-09,1079.9723255813956
214928_at,2.9580987135645362e-05,1079.7817906976743
204334_at,6.956323665878811e-08,1079.0479069767437
212185_x_at,0.0003392828397849159,1078.9642558139535
218807_at,1.1152641884909682e-07,1078.7209302325582
214109_at,4.7019204894329446e-14,1077.6035348837213
220942_x_at,5.025756005159556e-08,1077.0559302325578
211986_at,0.0002048518459592466,1076.5214651162796
202542_s_at,2.0542702236386916e-17,1074.8967441860466
219771_at,2.959577747091471e-10,1074.4079302325583
211729_x_at,8.936281523647044e-10,1074.2315348837208
208884_s_at,7.97839341454885e-14,1073.9297674418597
211974_x_at,2.6317767746024816e-06,1073.8066279069765
204478_s_at,4.3492537801730574e-08,1073.6409302325592
220099_s_at,5.049455087998779e-13,1072.770930232558
203781_at,6.744252535616653e-12,1072.706255813954
202388_at,0.0035533853865890473,1071.8621395348835
219992_at,4.82161818810754e-09,1071.1056976744183
205370_x_at,0.0003406411804357959,1071.0612325581396
200965_s_at,1.1178456200933789e-05,1070.6635581395353
200008_s_at,3.131928141197699e-11,1070.3845581395356
200828_s_at,1.0408609324409024e-15,1070.2132558139535
219509_at,1.1435766326773612e-08,1069.6386976744184
218211_s_at,4.165079430106641e-07,1069.6148837209303
220558_x_at,6.033990913880543e-09,1069.0644883720925
209550_at,3.626884377891311e-05,1068.9735348837216
200840_at,1.2884431853480171e-06,1067.5877209302325
202620_s_at,4.867799926090671e-07,1065.992767441861
207657_x_at,3.875837227020501e-13,1065.8693023255807
213864_s_at,3.712767816308446e-07,1065.7225581395342
201375_s_at,8.739792673922486e-07,1065.4144651162796
210826_x_at,2.6444702944650694e-10,1064.6623255813952
201630_s_at,2.9069401909094725e-11,1064.2227441860464
206215_at,9.007395175446058e-07,1063.8485813953491
200693_at,2.157204553479528e-10,1063.7475116279072
205326_at,3.757346599038676e-08,1063.6596279069768
213507_s_at,1.1883106563938042e-07,1062.8999999999996
212956_at,7.063447034765652e-05,1062.8693953488369
215100_at,2.752194878396833e-10,1062.7160232558135
207618_s_at,1.6678432650615014e-08,1060.9190697674417
213274_s_at,1.6873002989574032e-13,1060.3374883720933
213687_s_at,5.9212839342783856e-05,1060.3130465116274
219259_at,0.0003461858626191626,1059.416790697674
200097_s_at,9.073191424398089e-10,1059.2883720930233
213333_at,9.346293442831792e-15,1059.166023255814
205408_at,3.399220034386454e-14,1057.7073720930234
209191_at,2.140464349231295e-06,1057.5614418604653
212944_at,1.657768795294437e-09,1057.4959534883722
209186_at,1.3171939156131483e-13,1056.8380232558138
200804_at,7.058679886400659e-08,1056.7353023255819
209436_at,1.9613397719578314e-08,1056.6121627906978
203416_at,1.0954413553709792e-07,1056.0102558139533
201922_at,2.0536304960038514e-07,1055.993023255815
208894_at,4.9340782861208285e-06,1055.8934813953488
219449_s_at,6.420835576377553e-08,1055.0389069767443
215963_x_at,7.588935368771177e-07,1053.8374418604658
218035_s_at,9.756436781277872e-09,1052.9863255813957
220244_at,1.3674927593579613e-09,1052.3348837209305
214440_at,5.398564453850058e-05,1052.2044418604648
209409_at,4.586457547447908e-09,1052.2004186046515
203131_at,9.918986527881215e-08,1052.1710930232562
200079_s_at,2.0100470308670184e-13,1051.8895581395348
200931_s_at,6.489587992714096e-07,1051.5962790697677
212397_at,1.6843950725081742e-08,1051.4435348837208
64486_at,6.023485066060556e-11,1050.8801860465114
204001_at,3.2335427097748877e-12,1050.6313953488368
205067_at,1.907585286766184e-09,1050.5183255813956
202306_at,4.735230513365829e-16,1050.4395116279075
212537_x_at,0.0004848698728901268,1050.3928604651173
208801_at,7.611935005755336e-11,1050.010186046511
202734_at,1.2753331165152041e-12,1050.0086744186049
203011_at,9.598591995255419e-14,1049.3337906976749
216250_s_at,8.545779502831406e-13,1048.4137441860469
213110_s_at,0.00037756975151446173,1048.1423255813957
200790_at,3.022428313085523e-08,1047.9240697674413
207366_at,0.0002817021436065082,1047.099372093023
217362_x_at,3.7249916530748667e-14,1046.649930232558
201650_at,0.019931789032179088,1046.5122451162788
221895_at,1.7603455152208445e-15,1045.821325581395
215823_x_at,4.899357755356179e-05,1045.4246511627903
200860_s_at,4.715552614441431e-12,1043.8365116279076
217719_at,3.533519669716765e-05,1043.4146511627914
208852_s_at,2.6554288536233753e-12,1042.997488372093
207275_s_at,0.0001436725520239482,1042.9533953488374
216554_s_at,7.032380538623848e-06,1042.896093023256
218878_s_at,8.586921477238384e-14,1042.8543255813952
218034_at,6.822076172481889e-12,1042.7912558139535
208198_x_at,2.089126284782996e-08,1041.6820232558139
215528_at,1.0169189362174377e-11,1041.5988604651163
217742_s_at,2.730659073378183e-09,1041.1439767441864
217746_s_at,2.1133528513691282e-10,1040.843209302325
201524_x_at,1.7411159576911098e-13,1040.6153255813947
207551_s_at,4.113235508207528e-16,1040.4104883720931
217774_s_at,2.977682706667253e-10,1040.0285348837208
218896_s_at,1.4170242575515742e-11,1039.7869534883716
221119_at,2.7724895708989508e-06,1039.585837209302
201092_at,1.358768987679796e-07,1038.2953953488375
215091_s_at,1.8860970731861323e-07,1038.0622558139535
203658_at,1.9954612188574615e-13,1038.051046511628
204651_at,7.925193901699187e-13,1035.791813953489
38964_r_at,1.3398916180765777e-10,1035.7520697674418
201897_s_at,6.725216559283909e-13,1035.627511627907
221859_at,3.402529472737395e-07,1035.4539534883725
202716_at,1.921616954394995e-05,1034.7692093023256
202016_at,1.3103350468767871e-05,1034.7177674418601
206263_at,6.1671622359279525e-09,1033.8606976744177
205950_s_at,2.4988725094321523e-07,1033.0353023255811
220025_at,1.4836504553297518e-13,1032.442627906977
200005_at,1.0934982522140943e-08,1032.0996744186043
208689_s_at,2.7921136705884342e-11,1031.4427906976744
211185_s_at,2.4625733853227432e-05,1031.4424418604644
201310_s_at,0.0007855398047687114,1030.8796046511632
200863_s_at,2.2682943182316418e-08,1030.8503953488378
208636_at,1.5159564381333123e-08,1030.828837209302
217739_s_at,2.0869695934616433e-06,1030.758
206949_s_at,4.959555064656513e-07,1030.612325581395
217301_x_at,1.930330715213611e-14,1030.5895581395346
208360_s_at,9.523408464992116e-07,1029.6479302325579
209337_at,4.263125962923267e-13,1028.910930232558
200788_s_at,3.5100735414183662e-06,1028.2200232558139
201150_s_at,0.0007451430204807956,1028.212930232558
202436_s_at,4.907913640493134e-06,1026.8565813953492
211769_x_at,6.329904152765567e-12,1025.5593023255808
214456_x_at,0.032506672765136385,1024.5873348837213
212600_s_at,2.409894346162146e-06,1024.0177674418603
204472_at,3.078178205881263e-06,1022.7283720930236
205752_s_at,8.018286466211129e-07,1022.6925116279074
201999_s_at,2.215914962061777e-05,1022.3253488372088
211761_s_at,7.828851379198878e-08,1021.5805348837209
209366_x_at,8.280137491788451e-08,1020.0995116279066
214789_x_at,6.294729401499446e-10,1020.0697674418607
210799_at,6.436439458517333e-09,1019.6189302325582
209763_at,0.0002952248797283668,1018.6326279069765
203554_x_at,4.266405635883983e-09,1018.3811627906978
208656_s_at,7.76396728746672e-11,1018.1281860465112
216266_s_at,1.4075429392376275e-11,1018.0590697674418
203414_at,0.0015934129981137778,1017.6367441860466
212534_at,1.1828623610670795e-07,1017.5271627906973
218867_s_at,5.684489723309173e-15,1017.3406511627909
200811_at,2.242781844855711e-05,1017.1948837209306
204632_at,3.0138399804205896e-06,1016.825
215756_at,1.3124655336807374e-10,1016.5240000000003
201152_s_at,8.11071746169704e-12,1016.1527441860471
212383_at,4.31253821351417e-12,1015.8244651162788
221006_s_at,1.8467097453165992e-10,1015.6204651162791
221691_x_at,1.1741449100518328e-05,1015.284465116279
202582_s_at,3.346876787637796e-07,1015.2468837209299
211746_x_at,0.00011848308340464673,1014.3394186046517
202089_s_at,3.068313308090672e-05,1013.8227906976748
204806_x_at,9.368954019062695e-11,1012.6232790697674
36004_at,3.8347825763776104e-09,1012.4287441860465
201929_s_at,1.6320678861771375e-09,1011.9344186046515
202022_at,2.2539339686201092e-10,1011.4256279069768
203797_at,8.731546844976414e-14,1011.3223023255812
206377_at,3.4091541563724e-11,1011.2190697674421
214143_x_at,0.001373124649555849,1010.7213953488363
211071_s_at,1.1267096601901162e-09,1010.6861162790699
203868_s_at,1.4849444730839169e-06,1010.6149534883723
201201_at,3.427686646187115e-06,1010.5018604651162
221158_at,3.906766870987585e-10,1009.930162790698
212543_at,1.9014805464307644e-06,1009.4908837209293
221371_at,9.505547874101745e-16,1009.3407209302329
214772_at,1.554288528317612e-09,1008.9699767441862
208747_s_at,5.0404409547839165e-05,1008.7765116279068
200727_s_at,3.720849850970154e-15,1008.413581395349
220147_s_at,1.7293876975338683e-07,1007.7209767441859
203509_at,9.044547085277835e-11,1007.620697674419
210394_x_at,2.3195551218593796e-10,1004.9854883720932
207152_at,1.0133388479166331e-11,1004.6038604651162
218167_at,1.5884124562724356e-09,1003.5597674418609
221253_s_at,5.585247176070207e-08,1001.5500000000002
201059_at,8.038327524968132e-05,1001.5363255813959
205913_at,0.04870186114814116,1001.4391860465118
220122_at,6.699237035431428e-10,1000.8680465116281
200667_at,8.984535762677978e-09,1000.5613488372092
208691_at,8.171271851243025e-05,1000.4545348837207
49878_at,5.948178485865564e-16,1000.2555813953495
91920_at,2.3647281401723158e-11,1000.0598837209304
